{"initial_reset_timestamp": 1601294038.5561771, "timestamps": [1601294038.9584658], "episode_lengths": [4], "episode_rewards": [0.0], "episode_types": ["t"]}