{"initial_reset_timestamp": 1601293439.5664747, "timestamps": [1601293453.7926748], "episode_lengths": [21], "episode_rewards": [21.0], "episode_types": ["t"]}