{"initial_reset_timestamp": 1601320629.783734, "timestamps": [1601320633.4139688], "episode_lengths": [18], "episode_rewards": [18.0], "episode_types": ["t"]}